UserName,UserEmail,UserPass,givenName,FamilyName,SendMail,DirectoryName
Agent007,Agent007@Mail.com,S@cr3tPass007,James,Bond,FALSE,Test.dom
Agent008,Agent008@Mail.com,S@cr3tPass008,Harry,Palmer,FALSE,Test.dom
Agent009,Agent009@Mail.com,S@cr3tPass009,George,Smiley,FALSE,Test.dom
Agent010,Agent010@Mail.com,S@cr3tPass010,Jason,Bourne,FALSE,Test.dom
Agent011,Agent011@Mail.com,S@cr3tPass011,Alicia,Huberman,FALSE,Test.dom
Agent012,Agent012@Mail.com,S@cr3tPass012,Gunther,Bachmann,FALSE,Test.dom
Agent013,Agent013@Mail.com,S@cr3tPass013,Ilya,Kuryakin,FALSE,Test.dom
Agent014,Agent014@Mail.com,S@cr3tPass014,Napoleon,Solo,FALSE,Test.dom
Agent015,Agent015@Mail.com,S@cr3tPass015,Derek,Flint,FALSE,Test.dom
Agent016,Agent016@Mail.com,S@cr3tPass016,Jimmy,Tong,FALSE,Test.dom
Agent017,Agent017@Mail.com,S@cr3tPass017,Jack,Harkness,FALSE,Test.dom
Agent018,Agent018@Mail.com,S@cr3tPass018,Phil,Coulson,FALSE,Test.dom
Agent019,Agent019@Mail.com,S@cr3tPass019,Harry,Tasker,FALSE,Test.dom
Agent020,Agent020@Mail.com,S@cr3tPass020,Mallory,Kane,FALSE,Test.dom
Agent021,Agent021@Mail.com,S@cr3tPass021,John,Mason,FALSE,Test.dom
Agent022,Agent022@Mail.com,S@cr3tPass022,Susan,Cooper,FALSE,Test.dom
Agent023,Agent023@Mail.com,S@cr3tPass023,Felix,Leiter,FALSE,Test.dom
Agent024,Agent024@Mail.com,S@cr3tPass024,Evelyn,Salt,FALSE,Test.dom
Agent025,Agent025@Mail.com,S@cr3tPass025,Edgar,Brodie,FALSE,Test.dom
Agent026,Agent026@Mail.com,S@cr3tPass026,Harry,Hart,FALSE,Test.dom
Agent027,Agent027@Mail.com,S@cr3tPass027,Jack,Ryan,FALSE,Test.dom
Agent028,Agent028@Mail.com,S@cr3tPass028,Alec,Leamas,FALSE,Test.dom
Agent029,Agent029@Mail.com,S@cr3tPass029,Ethan,Hunt,FALSE,Test.dom
Agent030,Agent030@Mail.com,S@cr3tPass030,Joe,Turner,FALSE,Test.dom
